AlertPhaseI:AlertPhaseI
AlertPhaseI:AlertPhaseI1
AlertPhaseI:AlertPhaseI12
AlertPhaseI:AlertPhaseI123
TheAmasyaLee:TheAmasyaLee
TheAmasyaLee:TheAmasyaLee1
TheAmasyaLee:TheAmasyaLee12
TheAmasyaLee:TheAmasyaLee123
Boomerman:Boomerman
Boomerman:Boomerman1
Boomerman:Boomerman12
Boomerman:Boomerman123
Akanzea:Akanzea
Akanzea:Akanzea1
Akanzea:Akanzea12
Akanzea:Akanzea123
LycanDeluxe:LycanDeluxe
LycanDeluxe:LycanDeluxe1
LycanDeluxe:LycanDeluxe12
LycanDeluxe:LycanDeluxe123
Kharone:Kharone
Kharone:Kharone1
Kharone:Kharone12
Kharone:Kharone123
MaybeTomorrow:MaybeTomorrow
MaybeTomorrow:MaybeTomorrow1
MaybeTomorrow:MaybeTomorrow12
MaybeTomorrow:MaybeTomorrow123
CheeTooS16:CheeTooS16
CheeTooS16:CheeTooS161
CheeTooS16:CheeTooS1612
CheeTooS16:CheeTooS16123
SuperJCW:SuperJCW
SuperJCW:SuperJCW1
SuperJCW:SuperJCW12
SuperJCW:SuperJCW123
AGLDizzY:AGLDizzY
AGLDizzY:AGLDizzY1
AGLDizzY:AGLDizzY12
AGLDizzY:AGLDizzY123
OzRTkN:OzRTkN
OzRTkN:OzRTkN1
OzRTkN:OzRTkN12
OzRTkN:OzRTkN123
Winspytheneo:Winspytheneo
Winspytheneo:Winspytheneo1
Winspytheneo:Winspytheneo12
Winspytheneo:Winspytheneo123
SeekNDestroy:SeekNDestroy
SeekNDestroy:SeekNDestroy1
SeekNDestroy:SeekNDestroy12
SeekNDestroy:SeekNDestroy123
ZeroChampion:ZeroChampion
ZeroChampion:ZeroChampion1
ZeroChampion:ZeroChampion12
ZeroChampion:ZeroChampion123
BUTTSECKS:BUTTSECKS
BUTTSECKS:BUTTSECKS1
BUTTSECKS:BUTTSECKS12
BUTTSECKS:BUTTSECKS123
ElQueanQador:ElQueanQador
ElQueanQador:ElQueanQador1
ElQueanQador:ElQueanQador12
ElQueanQador:ElQueanQador123
Kasapgeldiiiii:Kasapgeldiiiii
Kasapgeldiiiii:Kasapgeldiiiii1
Kasapgeldiiiii:Kasapgeldiiiii12
Kasapgeldiiiii:Kasapgeldiiiii123
GyMFisher:GyMFisher
GyMFisher:GyMFisher1
GyMFisher:GyMFisher12
GyMFisher:GyMFisher123
Pa0Raven:Pa0Raven
Pa0Raven:Pa0Raven1
Pa0Raven:Pa0Raven12
Pa0Raven:Pa0Raven123
turambar59:turambar59
turambar59:turambar591
turambar59:turambar5912
turambar59:turambar59123
SumuqLuPaqiZe:SumuqLuPaqiZe
SumuqLuPaqiZe:SumuqLuPaqiZe1
SumuqLuPaqiZe:SumuqLuPaqiZe12
SumuqLuPaqiZe:SumuqLuPaqiZe123
Mustf4:Mustf4
Mustf4:Mustf41
Mustf4:Mustf412
Mustf4:Mustf4123
RapandPeace:RapandPeace
RapandPeace:RapandPeace1
RapandPeace:RapandPeace12
RapandPeace:RapandPeace123
llSeKRoNiZell:llSeKRoNiZell
llSeKRoNiZell:llSeKRoNiZell1
llSeKRoNiZell:llSeKRoNiZell12
llSeKRoNiZell:llSeKRoNiZell123
RYcPEK:RYcPEK
RYcPEK:RYcPEK1
RYcPEK:RYcPEK12
RYcPEK:RYcPEK123
NightFl4me:NightFl4me
NightFl4me:NightFl4me1
NightFl4me:NightFl4me12
NightFl4me:NightFl4me123
RuyuDu:RuyuDu
RuyuDu:RuyuDu1
RuyuDu:RuyuDu12
RuyuDu:RuyuDu123
exoflorn:exoflorn
exoflorn:exoflorn1
exoflorn:exoflorn12
exoflorn:exoflorn123
Nuphing:Nuphing
Nuphing:Nuphing1
Nuphing:Nuphing12
Nuphing:Nuphing123
Nexsus28:Nexsus28
Nexsus28:Nexsus281
Nexsus28:Nexsus2812
Nexsus28:Nexsus28123
scorpionkingXD:scorpionkingXD
scorpionkingXD:scorpionkingXD1
scorpionkingXD:scorpionkingXD12
scorpionkingXD:scorpionkingXD123
1:1
1:11
1:112
1:1123
J3lackLotus:J3lackLotus
J3lackLotus:J3lackLotus1
J3lackLotus:J3lackLotus12
J3lackLotus:J3lackLotus123
Shunfe:Shunfe
Shunfe:Shunfe1
Shunfe:Shunfe12
Shunfe:Shunfe123
ufukblbl:ufukblbl
ufukblbl:ufukblbl1
ufukblbl:ufukblbl12
ufukblbl:ufukblbl123
EndlesEvolution:EndlesEvolution
EndlesEvolution:EndlesEvolution1
EndlesEvolution:EndlesEvolution12
EndlesEvolution:EndlesEvolution123
inexperiencedlol:inexperiencedlol
inexperiencedlol:inexperiencedlol1
inexperiencedlol:inexperiencedlol12
inexperiencedlol:inexperiencedlol123
antalyakesicitim:antalyakesicitim
antalyakesicitim:antalyakesicitim1
antalyakesicitim:antalyakesicitim12
antalyakesicitim:antalyakesicitim123
CcCkaan198CcC:CcCkaan198CcC
CcCkaan198CcC:CcCkaan198CcC1
CcCkaan198CcC:CcCkaan198CcC12
CcCkaan198CcC:CcCkaan198CcC123
TinyFiesta:TinyFiesta
TinyFiesta:TinyFiesta1
TinyFiesta:TinyFiesta12
TinyFiesta:TinyFiesta123
1:1
1:11
1:112
1:1123
4NonBreaK:4NonBreaK
4NonBreaK:4NonBreaK1
4NonBreaK:4NonBreaK12
4NonBreaK:4NonBreaK123
AnkoNitarshi:AnkoNitarshi
AnkoNitarshi:AnkoNitarshi1
AnkoNitarshi:AnkoNitarshi12
AnkoNitarshi:AnkoNitarshi123
SnowBullet:SnowBullet
SnowBullet:SnowBullet1
SnowBullet:SnowBullet12
SnowBullet:SnowBullet123
IIArsenLupenII:IIArsenLupenII
IIArsenLupenII:IIArsenLupenII1
IIArsenLupenII:IIArsenLupenII12
IIArsenLupenII:IIArsenLupenII123
ZOKADA:ZOKADA
ZOKADA:ZOKADA1
ZOKADA:ZOKADA12
ZOKADA:ZOKADA123
booboxxdp:booboxxdp
booboxxdp:booboxxdp1
booboxxdp:booboxxdp12
booboxxdp:booboxxdp123
cihanpro:cihanpro
cihanpro:cihanpro1
cihanpro:cihanpro12
cihanpro:cihanpro123
Bube:Bube
Bube:Bube1
Bube:Bube12
Bube:Bube123
Pegasus951:Pegasus951
Pegasus951:Pegasus9511
Pegasus951:Pegasus95112
Pegasus951:Pegasus951123
TraumtK:TraumtK
TraumtK:TraumtK1
TraumtK:TraumtK12
TraumtK:TraumtK123
Clone12:Clone12
Clone12:Clone121
Clone12:Clone1212
Clone12:Clone12123
zzaaaa35:zzaaaa35
zzaaaa35:zzaaaa351
zzaaaa35:zzaaaa3512
zzaaaa35:zzaaaa35123
Enofur50:Enofur50
Enofur50:Enofur501
Enofur50:Enofur5012
Enofur50:Enofur50123
desamur:desamur
desamur:desamur1
desamur:desamur12
desamur:desamur123
furice:furice
furice:furice1
furice:furice12
furice:furice123
MrInsomnia:MrInsomnia
MrInsomnia:MrInsomnia1
MrInsomnia:MrInsomnia12
MrInsomnia:MrInsomnia123
RGEirene:RGEirene
RGEirene:RGEirene1
RGEirene:RGEirene12
RGEirene:RGEirene123
EsRaRCooL:EsRaRCooL
EsRaRCooL:EsRaRCooL1
EsRaRCooL:EsRaRCooL12
EsRaRCooL:EsRaRCooL123
FreasTeaLLe:FreasTeaLLe
FreasTeaLLe:FreasTeaLLe1
FreasTeaLLe:FreasTeaLLe12
FreasTeaLLe:FreasTeaLLe123
qwerty9292:qwerty9292
qwerty9292:qwerty92921
qwerty9292:qwerty929212
qwerty9292:qwerty9292123
LocdPromethe:LocdPromethe
LocdPromethe:LocdPromethe1
LocdPromethe:LocdPromethe12
LocdPromethe:LocdPromethe123
sihirlibabamm:sihirlibabamm
sihirlibabamm:sihirlibabamm1
sihirlibabamm:sihirlibabamm12
sihirlibabamm:sihirlibabamm123
7suarez7:7suarez7
7suarez7:7suarez71
7suarez7:7suarez712
7suarez7:7suarez7123
TreiL4:TreiL4
TreiL4:TreiL41
TreiL4:TreiL412
TreiL4:TreiL4123
HolyPotatoGod:HolyPotatoGod
HolyPotatoGod:HolyPotatoGod1
HolyPotatoGod:HolyPotatoGod12
HolyPotatoGod:HolyPotatoGod123
EndlessLegends:EndlessLegends
EndlessLegends:EndlessLegends1
EndlessLegends:EndlessLegends12
EndlessLegends:EndlessLegends123
OoPaNiK:OoPaNiK
OoPaNiK:OoPaNiK1
OoPaNiK:OoPaNiK12
OoPaNiK:OoPaNiK123
SebastienLoeb:SebastienLoeb
SebastienLoeb:SebastienLoeb1
SebastienLoeb:SebastienLoeb12
SebastienLoeb:SebastienLoeb123
Xyric:Xyric
Xyric:Xyric1
Xyric:Xyric12
Xyric:Xyric123
Bujlav:Bujlav
Bujlav:Bujlav1
Bujlav:Bujlav12
Bujlav:Bujlav123
swat123:swat123
swat123:swat1231
swat123:swat12312
swat123:swat123123
EarnOrDie:EarnOrDie
EarnOrDie:EarnOrDie1
EarnOrDie:EarnOrDie12
EarnOrDie:EarnOrDie123
KroAssasinaS:KroAssasinaS
KroAssasinaS:KroAssasinaS1
KroAssasinaS:KroAssasinaS12
KroAssasinaS:KroAssasinaS123
IISonOfGodII:IISonOfGodII
IISonOfGodII:IISonOfGodII1
IISonOfGodII:IISonOfGodII12
IISonOfGodII:IISonOfGodII123
bahooo41:bahooo41
bahooo41:bahooo411
bahooo41:bahooo4112
bahooo41:bahooo41123
Lykia33:Lykia33
Lykia33:Lykia331
Lykia33:Lykia3312
Lykia33:Lykia33123
pyrojake:pyrojake
pyrojake:pyrojake1
pyrojake:pyrojake12
pyrojake:pyrojake123
IIFIRILDAKII:IIFIRILDAKII
IIFIRILDAKII:IIFIRILDAKII1
IIFIRILDAKII:IIFIRILDAKII12
IIFIRILDAKII:IIFIRILDAKII123
BuNyO53:BuNyO53
BuNyO53:BuNyO531
BuNyO53:BuNyO5312
BuNyO53:BuNyO53123
lJuggernauTl:lJuggernauTl
lJuggernauTl:lJuggernauTl1
lJuggernauTl:lJuggernauTl12
lJuggernauTl:lJuggernauTl123
merxan42:merxan42
merxan42:merxan421
merxan42:merxan4212
merxan42:merxan42123
Despendro0560:Despendro0560
Despendro0560:Despendro05601
Despendro0560:Despendro056012
Despendro0560:Despendro0560123
Shatterhand:Shatterhand
Shatterhand:Shatterhand1
Shatterhand:Shatterhand12
Shatterhand:Shatterhand123
1:1
1:11
1:112
1:1123
1:1
1:11
1:112
1:1123
berkocanlik:berkocanlik
berkocanlik:berkocanlik1
berkocanlik:berkocanlik12
berkocanlik:berkocanlik123
NUBZedxS:NUBZedxS
NUBZedxS:NUBZedxS1
NUBZedxS:NUBZedxS12
NUBZedxS:NUBZedxS123
JrWalter:JrWalter
JrWalter:JrWalter1
JrWalter:JrWalter12
JrWalter:JrWalter123
SDGoldenArrowS:SDGoldenArrowS
SDGoldenArrowS:SDGoldenArrowS1
SDGoldenArrowS:SDGoldenArrowS12
SDGoldenArrowS:SDGoldenArrowS123
TurkishThief:TurkishThief
TurkishThief:TurkishThief1
TurkishThief:TurkishThief12
TurkishThief:TurkishThief123
ProKiller46:ProKiller46
ProKiller46:ProKiller461
ProKiller46:ProKiller4612
ProKiller46:ProKiller46123
TheSparow:TheSparow
TheSparow:TheSparow1
TheSparow:TheSparow12
TheSparow:TheSparow123
AlexiWildchild:AlexiWildchild
AlexiWildchild:AlexiWildchild1
AlexiWildchild:AlexiWildchild12
AlexiWildchild:AlexiWildchild123
Brave00:Brave00
Brave00:Brave001
Brave00:Brave0012
Brave00:Brave00123
kingsman1:kingsman1
kingsman1:kingsman11
kingsman1:kingsman112
kingsman1:kingsman1123
Teutonic2:Teutonic2
Teutonic2:Teutonic21
Teutonic2:Teutonic212
Teutonic2:Teutonic2123
Whiplash:Whiplash
Whiplash:Whiplash1
Whiplash:Whiplash12
Whiplash:Whiplash123
Singap:Singap
Singap:Singap1
Singap:Singap12
Singap:Singap123
Kayserilee382:Kayserilee382
Kayserilee382:Kayserilee3821
Kayserilee382:Kayserilee38212
Kayserilee382:Kayserilee382123
CHoSeN0Ne:CHoSeN0Ne
CHoSeN0Ne:CHoSeN0Ne1
CHoSeN0Ne:CHoSeN0Ne12
CHoSeN0Ne:CHoSeN0Ne123
TheDumD:TheDumD
TheDumD:TheDumD1
TheDumD:TheDumD12
TheDumD:TheDumD123
Kagen1546:Kagen1546
Kagen1546:Kagen15461
Kagen1546:Kagen154612
Kagen1546:Kagen1546123
TheShadowFear:TheShadowFear
TheShadowFear:TheShadowFear1
TheShadowFear:TheShadowFear12
TheShadowFear:TheShadowFear123
X12:X12
X12:X121
X12:X1212
X12:X12123
hemoglobinopati:hemoglobinopati
hemoglobinopati:hemoglobinopati1
hemoglobinopati:hemoglobinopati12
hemoglobinopati:hemoglobinopati123
DarKRy:DarKRy
DarKRy:DarKRy1
DarKRy:DarKRy12
DarKRy:DarKRy123
balistikenigma:balistikenigma
balistikenigma:balistikenigma1
balistikenigma:balistikenigma12
balistikenigma:balistikenigma123
VaNNdeTTaA:VaNNdeTTaA
VaNNdeTTaA:VaNNdeTTaA1
VaNNdeTTaA:VaNNdeTTaA12
VaNNdeTTaA:VaNNdeTTaA123
Trox:Trox
Trox:Trox1
Trox:Trox12
Trox:Trox123
KunRaMpAgE:KunRaMpAgE
KunRaMpAgE:KunRaMpAgE1
KunRaMpAgE:KunRaMpAgE12
KunRaMpAgE:KunRaMpAgE123
yamtar76:yamtar76
yamtar76:yamtar761
yamtar76:yamtar7612
yamtar76:yamtar76123
ECWPneumatic:ECWPneumatic
ECWPneumatic:ECWPneumatic1
ECWPneumatic:ECWPneumatic12
ECWPneumatic:ECWPneumatic123
25c:25c
25c:25c1
25c:25c12
25c:25c123
RasTaTheO:RasTaTheO
RasTaTheO:RasTaTheO1
RasTaTheO:RasTaTheO12
RasTaTheO:RasTaTheO123
Tructible:Tructible
Tructible:Tructible1
Tructible:Tructible12
Tructible:Tructible123
1:1
1:11
1:112
1:1123
Sakvano:Sakvano
Sakvano:Sakvano1
Sakvano:Sakvano12
Sakvano:Sakvano123
1:1
1:11
1:112
1:1123
ParlementReserve:ParlementReserve
ParlementReserve:ParlementReserve1
ParlementReserve:ParlementReserve12
ParlementReserve:ParlementReserve123
INFFrozen:INFFrozen
INFFrozen:INFFrozen1
INFFrozen:INFFrozen12
INFFrozen:INFFrozen123
1:1
1:11
1:112
1:1123
1:1
1:11
1:112
1:1123
AmHyphoenix:AmHyphoenix
AmHyphoenix:AmHyphoenix1
AmHyphoenix:AmHyphoenix12
AmHyphoenix:AmHyphoenix123
Emir5Eksi:Emir5Eksi
Emir5Eksi:Emir5Eksi1
Emir5Eksi:Emir5Eksi12
Emir5Eksi:Emir5Eksi123
Rodhan:Rodhan
Rodhan:Rodhan1
Rodhan:Rodhan12
Rodhan:Rodhan123
KINGAGRON:KINGAGRON
KINGAGRON:KINGAGRON1
KINGAGRON:KINGAGRON12
KINGAGRON:KINGAGRON123
warmanheree:warmanheree
warmanheree:warmanheree1
warmanheree:warmanheree12
warmanheree:warmanheree123
1:1
1:11
1:112
1:1123
Meles:Meles
Meles:Meles1
Meles:Meles12
Meles:Meles123
1:1
1:11
1:112
1:1123
Lordworld7:Lordworld7
Lordworld7:Lordworld71
Lordworld7:Lordworld712
Lordworld7:Lordworld7123
zBLooDThirsty:zBLooDThirsty
zBLooDThirsty:zBLooDThirsty1
zBLooDThirsty:zBLooDThirsty12
zBLooDThirsty:zBLooDThirsty123
YKOBRA:YKOBRA
YKOBRA:YKOBRA1
YKOBRA:YKOBRA12
YKOBRA:YKOBRA123
FearTheGame:FearTheGame
FearTheGame:FearTheGame1
FearTheGame:FearTheGame12
FearTheGame:FearTheGame123
LeRaPaSa:LeRaPaSa
LeRaPaSa:LeRaPaSa1
LeRaPaSa:LeRaPaSa12
LeRaPaSa:LeRaPaSa123
EnemyForces:EnemyForces
EnemyForces:EnemyForces1
EnemyForces:EnemyForces12
EnemyForces:EnemyForces123
Sagoleraa:Sagoleraa
Sagoleraa:Sagoleraa1
Sagoleraa:Sagoleraa12
Sagoleraa:Sagoleraa123
Pinponn:Pinponn
Pinponn:Pinponn1
Pinponn:Pinponn12
Pinponn:Pinponn123
Cem105:Cem105
Cem105:Cem1051
Cem105:Cem10512
Cem105:Cem105123
AnladimBozuklugu:AnladimBozuklugu
AnladimBozuklugu:AnladimBozuklugu1
AnladimBozuklugu:AnladimBozuklugu12
AnladimBozuklugu:AnladimBozuklugu123
1:1
1:11
1:112
1:1123
xRESBABAx:xRESBABAx
xRESBABAx:xRESBABAx1
xRESBABAx:xRESBABAx12
xRESBABAx:xRESBABAx123
1:1
1:11
1:112
1:1123
yunicix:yunicix
yunicix:yunicix1
yunicix:yunicix12
yunicix:yunicix123
executoner:executoner
executoner:executoner1
executoner:executoner12
executoner:executoner123
Pachymeres:Pachymeres
Pachymeres:Pachymeres1
Pachymeres:Pachymeres12
Pachymeres:Pachymeres123
darkclow44:darkclow44
darkclow44:darkclow441
darkclow44:darkclow4412
darkclow44:darkclow44123
Hollowshi:Hollowshi
Hollowshi:Hollowshi1
Hollowshi:Hollowshi12
Hollowshi:Hollowshi123
CurseBoy:CurseBoy
CurseBoy:CurseBoy1
CurseBoy:CurseBoy12
CurseBoy:CurseBoy123
JiveAtol77:JiveAtol77
JiveAtol77:JiveAtol771
JiveAtol77:JiveAtol7712
JiveAtol77:JiveAtol77123
xxCoachxx:xxCoachxx
xxCoachxx:xxCoachxx1
xxCoachxx:xxCoachxx12
xxCoachxx:xxCoachxx123
KingReco:KingReco
KingReco:KingReco1
KingReco:KingReco12
KingReco:KingReco123
crazynaxe:crazynaxe
crazynaxe:crazynaxe1
crazynaxe:crazynaxe12
crazynaxe:crazynaxe123
xlNemesis:xlNemesis
xlNemesis:xlNemesis1
xlNemesis:xlNemesis12
xlNemesis:xlNemesis123
OILANT:OILANT
OILANT:OILANT1
OILANT:OILANT12
OILANT:OILANT123
lllAnGeLlll:lllAnGeLlll
lllAnGeLlll:lllAnGeLlll1
lllAnGeLlll:lllAnGeLlll12
lllAnGeLlll:lllAnGeLlll123
Jinekolog59:Jinekolog59
Jinekolog59:Jinekolog591
Jinekolog59:Jinekolog5912
Jinekolog59:Jinekolog59123
AvoidedSnail37:AvoidedSnail37
AvoidedSnail37:AvoidedSnail371
AvoidedSnail37:AvoidedSnail3712
AvoidedSnail37:AvoidedSnail37123
ErOzYoNCu:ErOzYoNCu
ErOzYoNCu:ErOzYoNCu1
ErOzYoNCu:ErOzYoNCu12
ErOzYoNCu:ErOzYoNCu123
BloodHorm:BloodHorm
BloodHorm:BloodHorm1
BloodHorm:BloodHorm12
BloodHorm:BloodHorm123
Piyanist99:Piyanist99
Piyanist99:Piyanist991
Piyanist99:Piyanist9912
Piyanist99:Piyanist99123
TurkishSivir:TurkishSivir
TurkishSivir:TurkishSivir1
TurkishSivir:TurkishSivir12
TurkishSivir:TurkishSivir123
Mysterials:Mysterials
Mysterials:Mysterials1
Mysterials:Mysterials12
Mysterials:Mysterials123
01rezo01:01rezo01
01rezo01:01rezo011
01rezo01:01rezo0112
01rezo01:01rezo01123
MyStariuM:MyStariuM
MyStariuM:MyStariuM1
MyStariuM:MyStariuM12
MyStariuM:MyStariuM123
WymehCso:WymehCso
WymehCso:WymehCso1
WymehCso:WymehCso12
WymehCso:WymehCso123
NeedTime:NeedTime
NeedTime:NeedTime1
NeedTime:NeedTime12
NeedTime:NeedTime123
WatchAndLearn24:WatchAndLearn24
WatchAndLearn24:WatchAndLearn241
WatchAndLearn24:WatchAndLearn2412
WatchAndLearn24:WatchAndLearn24123
west5tl:west5tl
west5tl:west5tl1
west5tl:west5tl12
west5tl:west5tl123
TVCDagonCyp:TVCDagonCyp
TVCDagonCyp:TVCDagonCyp1
TVCDagonCyp:TVCDagonCyp12
TVCDagonCyp:TVCDagonCyp123
HarleyDawidson:HarleyDawidson
HarleyDawidson:HarleyDawidson1
HarleyDawidson:HarleyDawidson12
HarleyDawidson:HarleyDawidson123
AsabiL:AsabiL
AsabiL:AsabiL1
AsabiL:AsabiL12
AsabiL:AsabiL123
IProf:IProf
IProf:IProf1
IProf:IProf12
IProf:IProf123
h1903can:h1903can
h1903can:h1903can1
h1903can:h1903can12
h1903can:h1903can123
lavieestdrole:lavieestdrole
lavieestdrole:lavieestdrole1
lavieestdrole:lavieestdrole12
lavieestdrole:lavieestdrole123
LiTeRaRySt4R:LiTeRaRySt4R
LiTeRaRySt4R:LiTeRaRySt4R1
LiTeRaRySt4R:LiTeRaRySt4R12
LiTeRaRySt4R:LiTeRaRySt4R123
Atilla70:Atilla70
Atilla70:Atilla701
Atilla70:Atilla7012
Atilla70:Atilla70123
FreeWidely:FreeWidely
FreeWidely:FreeWidely1
FreeWidely:FreeWidely12
FreeWidely:FreeWidely123
Jaws0fdead:Jaws0fdead
Jaws0fdead:Jaws0fdead1
Jaws0fdead:Jaws0fdead12
Jaws0fdead:Jaws0fdead123
LoveAndHappiness:LoveAndHappiness
LoveAndHappiness:LoveAndHappiness1
LoveAndHappiness:LoveAndHappiness12
LoveAndHappiness:LoveAndHappiness123
bludream18:bludream18
bludream18:bludream181
bludream18:bludream1812
bludream18:bludream18123
imsorrywilson:imsorrywilson
imsorrywilson:imsorrywilson1
imsorrywilson:imsorrywilson12
imsorrywilson:imsorrywilson123
SuperSkillsEmre:SuperSkillsEmre
SuperSkillsEmre:SuperSkillsEmre1
SuperSkillsEmre:SuperSkillsEmre12
SuperSkillsEmre:SuperSkillsEmre123
OsurukYamuru81:OsurukYamuru81
OsurukYamuru81:OsurukYamuru811
OsurukYamuru81:OsurukYamuru8112
OsurukYamuru81:OsurukYamuru81123
FeLMyToucH:FeLMyToucH
FeLMyToucH:FeLMyToucH1
FeLMyToucH:FeLMyToucH12
FeLMyToucH:FeLMyToucH123
HERMOS:HERMOS
HERMOS:HERMOS1
HERMOS:HERMOS12
HERMOS:HERMOS123
SKPesimisT:SKPesimisT
SKPesimisT:SKPesimisT1
SKPesimisT:SKPesimisT12
SKPesimisT:SKPesimisT123
secospat:secospat
secospat:secospat1
secospat:secospat12
secospat:secospat123
BlackStorm01:BlackStorm01
BlackStorm01:BlackStorm011
BlackStorm01:BlackStorm0112
BlackStorm01:BlackStorm01123
LaceupArch:LaceupArch
LaceupArch:LaceupArch1
LaceupArch:LaceupArch12
LaceupArch:LaceupArch123
xEmiRatesx:xEmiRatesx
xEmiRatesx:xEmiRatesx1
xEmiRatesx:xEmiRatesx12
xEmiRatesx:xEmiRatesx123
JollyJokerrr:JollyJokerrr
JollyJokerrr:JollyJokerrr1
JollyJokerrr:JollyJokerrr12
JollyJokerrr:JollyJokerrr123
iNdious:iNdious
iNdious:iNdious1
iNdious:iNdious12
iNdious:iNdious123
TheBourneTR:TheBourneTR
TheBourneTR:TheBourneTR1
TheBourneTR:TheBourneTR12
TheBourneTR:TheBourneTR123
Bortanica:Bortanica
Bortanica:Bortanica1
Bortanica:Bortanica12
Bortanica:Bortanica123
Casin0:Casin0
Casin0:Casin01
Casin0:Casin012
Casin0:Casin0123
CloudyNeuche:CloudyNeuche
CloudyNeuche:CloudyNeuche1
CloudyNeuche:CloudyNeuche12
CloudyNeuche:CloudyNeuche123
HySTeRiCaL:HySTeRiCaL
HySTeRiCaL:HySTeRiCaL1
HySTeRiCaL:HySTeRiCaL12
HySTeRiCaL:HySTeRiCaL123
hulo1:hulo1
hulo1:hulo11
hulo1:hulo112
hulo1:hulo1123
1:1
1:11
1:112
1:1123
ZTSensHiKansu:ZTSensHiKansu
ZTSensHiKansu:ZTSensHiKansu1
ZTSensHiKansu:ZTSensHiKansu12
ZTSensHiKansu:ZTSensHiKansu123
Teodo0R:Teodo0R
Teodo0R:Teodo0R1
Teodo0R:Teodo0R12
Teodo0R:Teodo0R123
JessMinnee:JessMinnee
JessMinnee:JessMinnee1
JessMinnee:JessMinnee12
JessMinnee:JessMinnee123
printfscanf:printfscanf
printfscanf:printfscanf1
printfscanf:printfscanf12
printfscanf:printfscanf123
Morphia:Morphia
Morphia:Morphia1
Morphia:Morphia12
Morphia:Morphia123
TheaReine:TheaReine
TheaReine:TheaReine1
TheaReine:TheaReine12
TheaReine:TheaReine123
