buscini:buscini123
boomyourhp:boomyourhp1
pablondi:pablondi12
Skursvampen:Skursvampen1
danifreerun:danifreerun1
lvpsdei:lvpsdei12
TheSpy207:TheSpy207
malthewal:malthewal1
Yazadzhiev:Yazadzhiev1
fioncus:fioncus123
ErPuly:ErPuly1234
catfil:catfil123
Lockenoma:Lockenoma1
sakuratsukamo:sakuratsukamo123
kouzir:kouzir123
eliasve:eliasve1
leagueisrubbish:leagueisrubbish1
slinslin:slinslin1
halojey:halojey123
danbaraban:danbaraban1
akripso:akripso123
Wolkenfresser:Wolkenfresser1
eltetescompadre:eltetescompadre123
tibator:tibator1234
danoutchou:danoutchou1
Domi3000:Domi30001
NobleTeafarmer:NobleTeafarmer1
Klaseling:Klaseling123
IronNaught:IronNaught1
boksieri:boksieri1234
abubadabu:abubadabu1234
nosepas:nosepas1
mopovor:mopovor1
Hobytool:Hobytool12
shioferos:shioferos12
kvartnik:kvartnik1
Akaolida:Akaolida1234
Coreship:Coreship12
Flundermuck:Flundermuck1
Petlander:Petlander12
Oloponator:Oloponator1
DioCalzolaio:DioCalzolaio1
Noobfas:Noobfas123
TheDaedryk:TheDaedryk123
Tendriel:Tendriel1
Hijujen:Hijujen1
hallodima:hallodima1
ihasmagicka:ihasmagicka1
benatigi:benatigi1234
feldelati:feldelati1
danifreerun:danifreerun1
lbruenninghoff:lbruenninghoff1
neocin:neocin123
Twonkzor:Twonkzor1
pasjojo:pasjojo1
alexamag:alexamag1
Klaseling:Klaseling123
Lockenoma:Lockenoma1
martciokas:martciokas12
RockSkyre:RockSkyre123
josereyt:josereyt1
mamazone:mamazone12
Twonkzor:Twonkzor1
Ploushion:Ploushion1
abryssade:abryssade1
ExcoreZzz:ExcoreZzz123
armincerf:armincerf123
Stylekenny:Stylekenny123
Themanichanml:Themanichanml1
yokokodegap:yokokodegap1
austik:austik1234
bhMke:bhMke1234
GutHut:GutHut1234
feldelati:feldelati1
Pigmouse:Pigmouse123
wellsoldier:wellsoldier12
lordtkop:lordtkop1
ottoreaga:ottoreaga123
Gioxos:Gioxos1234
